id,firstname,lastname
c2811b18-629e-4604-814f-6e5219881bed,Willetta,Lilas
2829da4d-b025-47e8-b476-ca8ce8034964,Myriam,Carbo
d3740321-42bd-4be0-ada0-fafaaf46caf2,Lita,Land
38a4c978-55aa-469d-9570-19c2d7d2161e,Aili,Hashim
ccc99ed1-0825-4076-b2e4-aed1b7507ee0,Kellen,Tyson
4d7ffa90-03d4-4b28-9c6d-7ac8e0e3ae7f,Sophia,Vittoria
0c1e3727-6418-4963-a3f5-7daaba983178,Joeann,Brackely
af7528ed-e476-4b52-9cbe-cd2b09faac30,Feliza,Ball
adf5876c-9a10-4bf2-ac15-ec61d24f0892,Lily,Strephon
f2f57a03-0a4b-4ff8-ba12-662abdb1ccd7,Nananne,Hathaway